Student username,AI Score,AI Feedback,student answer,[human] grade for question in course,[human] feedback for grade 
student 1,10,"**Grade: 10/12**

**Explanation:** The answer correctly identifies that HIS revenue cycle management can help reduce bad debt by analyzing and visualizing financial data, which supports better decision-making and improves cash flow and revenue efficiency. However, the explanation could be more specific about how these functions directly lead to increased revenue, such as by improving billing accuracy or reducing claim denials. Additionally, the answer lacks a citation from the provided documents, which is necessary for full credit.

**Correct Answer:** HIS revenue cycle management increases a provider''s revenue by improving billing accuracy and reducing claim denials. By efficiently managing the billing process and ensuring that claims are submitted correctly and promptly, providers can reduce the time it takes to receive payments and minimize the risk of revenue loss due to errors or denials. This leads to improved cash flow and overall financial performance .","Based on common hospital financial performance, many providers face high levels of bad debt. HIS revenue cycle management helps reduce this by quickly analyzing and visualizing financial data that support better decision-making. this improves cash flow and overall revenue efficiency.",6,"The response describes a general outcome (data analysis to reduce bad debt) but fails to name a specific RCM function. The response is clearly written, flows logically. No source or citation was provided, please note the explicit instruction in the question."
student 2,10,"**Grade: 10/12**

**Explanation:**
The answer correctly identifies eligibility and benefits verification as a function of HIS revenue cycle management that can increase a provider''s revenue. It accurately explains how this process reduces claim denials and ensures timely payment, which are key aspects of improving revenue. However, the answer lacks a citation from the retrieved documents, which is necessary for full credit. Additionally, while the explanation is generally correct, it could be enhanced by mentioning how this process fits into the broader context of HIS/EHR systems as discussed in the documents.

**Correct Answer:**
Eligibility and benefits verification is a crucial function of HIS revenue cycle management that increases a provider''s revenue by ensuring that services provided are covered by the patient''s insurance before they are rendered. This process reduces the likelihood of claim denials and ensures timely payment, thereby improving cash flow and reducing revenue loss from denied claims .","Eligibility and benefits verification is an important part of HIS revenue cycle management. The method cuts down on claim denials and makes sure providers are paid on time for eligible treatments by checking a patient''s insurance coverage before services are given. This boosts revenues by reducing the amount of money lost from claims that are denied and speeding up cash flow.<em>Cite: Use assistance from Microsoft Copilot, drawing on general knowledge of healthcare revenue cycle management.</em>",12,"Eligibility and benefits verification is specific and the explanation of how reducing denials boosts revenue is accurate. The response is clearly written, logically structured. The declaration of using Microsoft Copilot correctly fulfills the citation requirement."
student 3,10,"**Grade: 10/12**

**Explanation:** The answer correctly identifies a function of HIS revenue cycle management—checking eligibility and verifying insurance—that can increase a provider''s revenue. It explains how verifying insurance information before a visit can reduce claim rejections and ensure that services provided are reimbursable, which is accurate and relevant. However, the answer could be improved by mentioning how this process also helps in streamlining administrative tasks and reducing delays in payment processing, which are additional benefits of effective revenue cycle management.

**Correct Answer:** One function of HIS revenue cycle management that increases a provider''s revenue is the ability to check eligibility and verify insurance. By confirming a patient''s insurance coverage and obtaining preauthorization before the visit, providers can reduce claim rejections and ensure that services rendered are reimbursable. This process not only speeds up payment but also minimizes administrative burdens and enhances cash flow by reducing delays in payment processing.","One function of HIS revenue cycle management that increases a provider''s revenue is the ability to check eligibility and verify insurance. By receiving the patient''s insurance information prior to the visit, the provider is able to evaluate if the patient is covered by their insurance for the visit before they even visit the clinic, and also obtain preauthorization. This way, the provider is able to reduce claim rejections due to the patient''s ineligibility or missing insurance information. This allows the provider to only deliver reimbursable services, receive faster payment, and let the patient know if they aren''t covered before they even visit the provider.",9,"Checking eligibility and verification is a specific RCM function, and the explanation of how it reduces denials is very clear. No source or citation was provided, which violates the explicit instruction in the question."
student 4,10,"**Grade: 10/12**

**Explanation:**
The answer correctly identifies automated claims submission as a function of HIS revenue cycle management that can increase a provider''s revenue. It accurately explains how the HIS verifies insurance eligibility, coding accuracy, and completeness of claims, which reduces errors and denials, leading to faster and more accurate reimbursements. However, the answer lacks a citation from the retrieved documents, which is necessary for full credit. Additionally, the reference provided is an external link, which is not allowed according to the instructions.

**Correct Answer:**
Automated claims submission is a key function of the revenue cycle management in a Health Information System (HIS). By automatically verifying insurance eligibility, coding accuracy, and completeness of claims before submission, the HIS reduces errors and denials. This leads to faster and more accurate reimbursements, thereby increasing a provider''s revenue .","Automated claims submission is one task performed by the revenue cycle management of an HIS. The HIS automatically verifies insurance eligibility, coding accuracy, and completeness of claims prior to submission to payers, thereby decreasing errors and denials. This process allows for faster and more accurate reimbursement and subsequently increases a provider''s revenue. \nreference: \n<a href=https://www.techtarget.com/searchhealthit/definition/revenue-cycle-management-RCM>https://www.techtarget.com/searchhealthit/definition/revenue-cycle-management-RCM</a> \nGenAI: to paraphrase my sentence.",12,"Automated claims submission is specific, and the explanation of how it increases revenue by improving accuracy and speeding up reimbursement is accurate. The response is clearly written, flows logically. The citation includes both a verifiable website source and a declaration of using GenAI, fulfilling the full attribution requirement."
student 5,10,"**Grade: 10/12**

**Explanation:**
The answer correctly identifies a key function of HIS revenue cycle management: the collection and verification of patient demographic and insurance information. This process is crucial for ensuring accurate billing, reducing claim rejections, and speeding up reimbursements, which directly contributes to increasing a provider''s revenue. However, the answer could be improved by explicitly linking this process to the broader context of revenue cycle management and its impact on financial performance. Additionally, the explanation could benefit from a more detailed discussion of how these elements fit into the overall revenue cycle management process.

**Correct Answer:**
One function of HIS revenue cycle management that increases a provider''s revenue is the verification of patient insurance coverage and benefits before services are rendered. By ensuring that patient demographic information and insurance details are accurate and up-to-date, providers can reduce the likelihood of claim rejections and delays in reimbursement. This leads to more efficient billing processes, faster payment cycles, and ultimately, an increase in revenue for the healthcare provider.","One of the things discussed in the class about the increment in the provider''s revenue was the demographics information collection of a patient, alongside which health insurance they have, eligibility, and benefits they have as per the provider. This confirms the patient''s insurance coverage and benefits more accurately before any service is provided, resulting in accurate billing, fewer rejected claims, and faster reimbursement from insurers. <br/>GPT - One of the things discussed in class about increasing a provider’s revenue was the collection of accurate patient demographic information, along with details about their health insurance, eligibility, and benefits. This process ensures the patient’s coverage and benefits are verified before any service is provided, leading to more accurate billing, fewer claim rejections, and faster reimbursements from insurers.<br/>I used ChatGPT  to edit my response grammatically. I also used it to revisit the topics in the slides before answering this question. I pasted both versions of answers.",12,Eligibility and benefits verification is specific and the explanation of how reducing denials boosts revenue is accurate. Both versions are clear and logically structured. The declaration of using ChatGPT for editing and topic review correctly fulfills the citation requirement.
student 6,10,"**Grade: 10/12**

**Explanation:**
- The answer correctly identifies automated claim submission as a function of HIS revenue cycle management, which is accurate and relevant to the question.
- It explains how this function reduces errors and speeds up claim handling, which is a valid point and contributes to increased revenue.
- The answer also mentions faster reimbursements and fewer denials, which are direct benefits of efficient revenue cycle management.
- Additionally, it notes the reduction in administrative costs and the ability for staff to focus more on patient care, which are indirect benefits that can contribute to increased revenue.
- However, the answer could be improved by providing a citation from the retrieved documents to support the claims made, as the question specifically asks for sources to be cited.

**Correct Answer:**
One function of HIS revenue cycle management is automated claim submission to insurance companies. This process reduces errors and speeds up claim handling, allowing providers to receive reimbursements faster and face fewer denials, which directly increases revenue. Additionally, this system lowers administrative costs and allows staff to focus more on patient care, further enhancing revenue potential.","One function of HIS revenue cycle management is automated claim submission to insurance companies. This process reduces errors and speeds up claim handling. Providers receive reimbursements faster and face fewer denials, which directly increases revenue. This system also lowers administrative costs and allows staff to focus more on patient care.",10,"Automated claim submission is specific, and the explanation of how it increases revenue by improving speed and reducing denials is accurate. The response is clearly written, logically structured, and is professional and focused. No source or citation was provided, please note the explicit instruction in the question."
student 7,10,"**Grade: 10/12**

**Explanation:**
The answer correctly identifies eligibility and benefit verification as a function of HIS revenue cycle management that can increase a provider''s revenue. It explains how this functionality allows providers to obtain patient information and verify insurance coverage before treatment, which helps in avoiding denied claims. This is a valid and relevant point, as verifying eligibility and benefits can indeed prevent revenue loss due to claim denials. However, the answer could be improved by elaborating on how this process directly impacts revenue, such as by reducing administrative costs associated with reprocessing denied claims or improving cash flow by ensuring timely payments. Additionally, the answer lacks a citation from the retrieved documents, which is necessary for full credit.

**Correct Answer:**
One function of HIS revenue cycle management that increases a provider''s revenue is eligibility and benefit verification. This functionality allows providers to confirm a patient''s insurance coverage and benefits before delivering services, reducing the likelihood of claim denials. By ensuring that services are covered, providers can avoid revenue loss from unpaid claims and improve cash flow by receiving timely payments. This process also reduces administrative costs associated with reprocessing denied claims, further enhancing revenue.","One helpful functionality of the HIS revenue cycle is eligibility and benefit verification. By using eligibility and benefit verification, providers can get information about the patient first and check the coverage before any treatment or services. This also helps them avoid denied claims from the insurance company.<br/>References: CS581 Class Notes (9/29/25)<br/><br/><div id=mttContainer class=notranslate><div id=tippy-1 style=visibility: hidden;margin: 0.0px;><div class=tippy-box style=max-width: 350.0px;><div class=tippy-content><span dir=ltr>자격 및 혜택 검증을 사용하여 제공자는 먼저 환자에 대한 정보를 얻고 치료 나 서비스 전에 보험 적용 범위를 확인할 수 있습니다.</span></div><div class=tippy-arrow style=left: 0.0px;></div></div></div></div>",10,"Eligibility and benefits verification is specific and the explanation of how pre-check prevents denied claims is accurate. The response is clearly written, flows logically. The citation to the class notes is great."
student 8,10,"**Grade: 10/12**

**Explanation:**
The answer provided is generally correct and well-structured, explaining how electronic eligibility verification in HIS revenue cycle management can increase a provider''s revenue. It effectively describes the process of verifying insurance coverage before services are rendered, which helps avoid performing services that won''t be paid for and reduces administrative costs associated with claim denials. However, the answer could be improved by including more specific examples or data to support the claims made, and by ensuring that all sources are properly cited and relevant to the content discussed. Additionally, the use of a non-existent source (""CS581 Class Notes 09-29-25 Rev Cycle, Pop Health.pdf"") and a generic AI source (""https://claude.ai"") detracts from the credibility of the answer.

**Correct Answer:**
One function of HIS revenue cycle management that increases a provider''s revenue is electronic eligibility verification. This function allows providers to confirm a patient''s insurance coverage in real-time before services are delivered, ensuring that the services provided are covered by the patient''s insurance plan. By identifying coverage issues upfront, providers can avoid performing services that would not be reimbursed, thus protecting their revenue. Additionally, this function reduces the administrative burden and costs associated with handling claim denials and resubmissions, further preserving the provider''s financial performance.","<b>Q:</b> Describe how one function of HIS revenue cycle management functionality increases a provider''s revenue. \n<strong>A:</strong> \n<ul> \n <li>Electronic eligibility verification built into the HIS revenue cycle system helps providers increase their revenue by confirming patient insurance coverage before any services are delivered<sup>1</sup>. When the front desk staff registers a patient, the system automatically checks whether that person''s insurance is currently active and what specific services their plan will actually pay for<sup>3</sup>. This real-time verification means the provider discovers coverage problems at registration rather than weeks later when submitting claims<sup>1</sup>.</li> \n <li>By catching these issues early, the provider avoids performing services that would never generate any payment because the insurance had lapsed or didn''t cover that particular treatment. Without this automated checking capability, providers often deliver care assuming the patient has valid coverage, only to have claims denied later and discover they cannot collect payment for work already completed<sup>3</sup>. The eligibility verification function essentially acts as a gatekeeper that protects revenue by ensuring the provider only moves forward with services they can reasonably expect to get paid for<sup>1</sup>.</li> \n <li>This function also reduces the administrative costs associated with claim denials and resubmissions<sup>3</sup>. When claims get rejected due to eligibility issues, staff must spend time researching the problem, contacting the patient about alternative payment arrangements, and potentially writing off the charges as bad debt<sup>1</sup>. By preventing these scenarios upfront, the eligibility verification system preserves revenue that would otherwise be lost to uncollectable accounts<sup>3</sup>.</li> \n <li>This automated functionality transforms what used to be a manual, error-prone process into a systematic safeguard that directly protects the provider''s financial performance by ensuring payment feasibility before services are rendered<sup>1</sup>.</li> \n</ul> \n<br> \n<strong>Sources:</strong> \n<ol> \n <li>CS581 Class Notes 09-29-25 Rev Cycle, Pop Health.pdf</li> \n <li>https://claude.ai</li> \n <li>Houser, S. Health IT and EHRs: Principles and Practice, 2024 (7th ed.). American Health Information Management Association (AHIMA). <a href=https://reader2.yuzu.com/books/978-1-58426-965-6>https://reader2.yuzu.com/books/978-1-58426-965-6</a></li> \n</ol>",12,"Eligibility verification is specific, and the explanation of how pre-service checks reduce denials and bad debt is exceptionally thorough and accurate. The response is well-written, clearly focused, and professionally structured. Multiple sources are provided. Note that the textbook link is to a restricted reader, making the sources not fully verifiable."
student 9,10,"**Grade: 10/12**

**Explanation:**
The answer correctly identifies a key function of HIS revenue cycle management, which is insurance eligibility and benefits verification. It accurately explains how this function can increase a provider''s revenue by preventing the provision of non-covered services, reducing claim denials, and minimizing billing errors. However, the answer could be improved by explicitly linking these actions to increased revenue, such as by stating that these actions ensure timely and accurate payments, which directly contribute to revenue enhancement. Additionally, the answer should include a citation from the retrieved documents to support the explanation, as per the instruction to cite sources.

**Correct Answer:**
One function of HIS revenue cycle management that increases a provider''s revenue is insurance eligibility and benefits verification. By using the HIS to confirm a patient''s insurance coverage and benefits before providing services, providers can avoid delivering non-covered services and reduce claim denials. This process ensures that billing is accurate and timely, leading to fewer payment delays and maximizing revenue collection .","One key function of HIS revenue cycle management is insurance eligibility and benefits verification. This process involves using the HIS to confirm a patient''s insurance coverage, including whether the policy is active, the specific benefits available (such as co-pays, deductibles, and covered services), and any requirements for prior authorization before delivering care. By performing this verification upfront, often in real-time through integrated electronic interfaces with payers the HIS helps prevent the provision of non-covered services, reduces the incidence of claim denials, and minimizes billing errors that could lead to delayed or lost payments. \nResources -&nbsp;<br><br>Class Notes - 29th September \n<a href=https://publichealth.tulane.edu/blog/revenue-cycle-management-health-care/>https://publichealth.tulane.edu/blog/revenue-cycle-management-health-care/</a>",12,"Eligibility and benefits verification is specific, and the explanation of how pre-service checks reduce denials and prevent non-covered services is highly accurate. The response is clear and writing and logical flow. Both the specific class notes and the verifiable Tulane University article are cited, fulfilling the requirement for source attribution."
student 10,10,"**Grade: 10/12**

**Explanation:**
The answer correctly identifies eligibility verification as a function of HIS revenue cycle management that can increase a provider''s revenue. It explains how checking a patient''s insurance coverage, co-pay amounts, and benefits can reduce the chance of claim denials and unexpected unpaid bills, which is accurate. The answer also mentions the benefit of automating eligibility checks to identify discrepancies before care is provided, which is relevant and correct. However, the explanation could be more concise and focused, and the use of a question mark in the middle of a sentence is incorrect. Additionally, the citation provided is not from the retrieved documents, which is required for full credit.

**Correct Answer:**
Eligibility verification within HIS revenue cycle management increases a provider''s revenue by ensuring that a patient''s insurance coverage, co-pay amounts, and benefits are verified before treatment. This reduces the likelihood of claim denials and unexpected unpaid bills, as the provider knows in advance what will be covered and what the patient must pay. Automating these checks helps staff identify discrepancies before care is provided, improving cash flow and reducing denied claims.","The Function of HIS revenue cycle management  Eligibility Verification can be used to increase procvider''s revenue by checking in the patient''s insurance coverage, co-pay amounts and benefits and ensures whether the patient would be able to pay it off cost of treatment or not? This reduces the chance of claim denials and unexpected unpaid bills, because the provider knows in advance what will be covered and what the patient must pay. Hence, by lowering the denied claims and collecting payment uprfront can increase provider''s revenue and improve cash flow. Hence, Automating eligibility checks through integrated RCM tools helps staff identify discrepancies before care is provided \nRescources:&nbsp; \n<a href=https://www.datatel-systems.com/article/healthcare-hospital-revenue-cycle-management-explained/>https://www.datatel-systems.com/article/healthcare-hospital-revenue-cycle-management-explained/</a>",12,"Eligibility verification is specific, and the explanation of how pre-service checks reduce denials and bad debt is highly accurate. The citation to a specific, verifiable source from a reliable domain is complete, earning full points."
student 11,10,"**Grade: 10/12**

**Explanation:** The answer correctly identifies the role of prior authorizations in HIS revenue cycle management and how it can prevent financial loss by ensuring insurance coverage for procedures. This is a valid function that can indeed increase a provider''s revenue. However, the answer could be improved by mentioning additional aspects of revenue cycle management, such as timely billing and claims management, which also play crucial roles in increasing revenue. The explanation is clear and concise, but it lacks a broader view of the revenue cycle management process.

**Correct Answer:** One function of HIS revenue cycle management that increases a provider''s revenue is the processing and verification of prior authorizations. This ensures that procedures are covered by insurance, preventing financial loss. Additionally, efficient billing and claims management help in timely reimbursement, reducing the time between service delivery and payment, which further enhances revenue.","One function of HIS revenue cycle management that increases a provider''s revenue is the processing and verification of prior authorizations. If the hospital performs a procedure that is not covered by the insurance, it may incur a loss. For those specific procedures, prior authorization helps ensure that insurance will cover the costs, thereby avoiding financial loss and increasing revenue.",10,"Processing prior authorizations is a specific RCM function, and the explanation of how it increases revenue by avoiding financial loss is accurate. The response is clearly written, flows logically. No source or citation was provided, please note the explicit instruction in the question."
student 12,10,"**Grade: 10/12**

**Explanation:**
The answer correctly identifies the eligibility verification function as a component of HIS revenue cycle management that can increase a provider''s revenue. It explains how verifying insurance coverage before providing services ensures that encounters are billable, which helps in avoiding uncovered visits and speeds up the payment process. This is a valid point and demonstrates an understanding of how revenue cycle management can impact a provider''s revenue. However, the explanation could be more concise and focused on the direct impact on revenue, such as reducing denied claims and improving cash flow. Additionally, the answer could benefit from a citation to support the claims made.

**Correct Answer:**
One function of HIS revenue cycle management that increases a provider''s revenue is eligibility verification. By confirming a patient''s insurance coverage before services are rendered, the system reduces the risk of denied claims and ensures that services provided are billable. This process improves cash flow and reduces the time spent on follow-up with patients for payment, thereby enhancing the provider''s revenue.","One functionality that can increase a provider''s revenue is the eligibility verification function. This ensures that insurance covers a service before it is provided. The system could also submit any necessary paperwork to insurance (such as prior authorization) before the service is provided to ensure that the encounter is billable, therefore not allowing uncovered visits to occur. By not allowing uncovered visits, the provider will get paid much more quickly. Previously, a patient could be seen by a provider before or while their coverage was being verified, and then if it was denied, the patient could ignore the payment and draw out the whole process, causing significant impacts to a physicians revenue.",10,"Eligibility verification is specific, and the explanation of how pre-authorization and preventing uncovered visits increase revenue is highly accurate. No source or citation was provided, please note the explicit instruction in the question."
student 13,10,"**Grade: 10/12**

**Explanation:**
- The answer correctly identifies a function of HIS revenue cycle management, which is the verification of insurance claims during patient registration. This process helps confirm a patient''s insurance coverage before providing care, which is accurate and relevant to the question .
- The explanation that this function lowers claim rejections and ensures services are billed correctly and covered by insurance is also correct and aligns with the purpose of revenue cycle management .
- However, there are minor grammatical errors and typos in the response, such as ""verificatione"" instead of ""verification"" and ""pateint"" instead of ""patient,"" which slightly detract from the clarity and professionalism of the answer.
- The citation provided does not match the retrieved documents, which is necessary for full credit. The answer should cite the relevant document from the retrieved data.

**Correct Answer:**
Verification of insurance claims during patient registration helps confirm a patient''s insurance coverage before providing care. This process reduces the likelihood of claim rejections and ensures that services are billed correctly and covered by insurance, thereby protecting and potentially increasing the provider''s revenue .","verificatione of insurance claimes during pateint registery helps confirm a pateint insurance coverage before provideing care. as a result, the system lower rejections claims and make sure that services are billed correctly and covered by insurance. and saving the providers revenue.<br/>Levinger, M. (2025, September 29). <em>CS581 Class Notes 09-29-25: Revenue Cycle &amp; Population Health.</em> Boston University, pp. 19–23.",10,"The function of verifying insurance eligibility at registration is specific, and the revenue impact through reduced rejections is accurate. The response lacks a professional, clear structure. The citation for the class notes is complete and specific."
student 14,12,"**Grade: 12/12**

**Explanation:**
The answer provided is accurate and well-articulated. It correctly identifies claims scrubbing as a function of the HIS revenue cycle management system and explains how it increases a provider''s revenue. The explanation includes the process of verifying and fixing payer requirements, billing codes, and patient data before claim submission, which reduces the number of rejected or denied claims. This pre-submission validation indeed enhances cash flow and ensures timely and complete payment, directly boosting revenue. The answer is concise, clear, and aligns with the information available in the retrieved documents.

**Correct Answer:**
Claims scrubbing is a feature of the HIS revenue cycle management system that automatically verifies and corrects payer requirements, billing codes, and patient data before submitting a claim to an insurance provider. This pre-submission validation reduces the number of rejected or denied claims, which would otherwise need to be manually resubmitted, causing payment delays. By increasing the percentage of clean claims filed on the first attempt, the provider enhances cash flow and ensures timely and complete payment for services rendered, directly boosting revenue.","Claims scrubbing is a feature of (HIS) revenue cycle management system that automatically verifies and fixes payer requirements, billing codes, and patient data prior to submitting a claim to an insurance provider. The quantity of rejected or denied claims that would otherwise need to be manually resubmitted and cause payment delays is greatly decreased by this pre-submission validation. The provider increases cash flow and guarantees timely and complete payment for services rendered by increasing the percentage of clean claims filed on the first try, which directly boosts revenue",10,"Claims scrubbing is correctly identified, and the mechanism for increasing revenue by reducing denials is explained clearly. The response is well-written, follows a logical flow. No source or citation was provided, please note the explicit instruction in the question."
student 15,10,"**Grade: 10/12**

**Explanation:** The answer correctly identifies the function of claims review and editing as part of the revenue cycle management in a Health Information System (HIS). It explains how this function ensures the accuracy and completeness of claims, which increases the acceptance rate by insurance companies. The answer also mentions the identification and correction of errors or mismatches that could lead to claim denials and payment delays, which is accurate. However, the explanation could be more detailed by including how this process directly impacts revenue, such as by reducing the time to payment and minimizing the need for resubmissions, which would enhance cash flow and financial stability for the provider.

**Correct Answer:** Claims review and editing in HIS revenue cycle management ensures that claims are accurate and complete before submission to insurance companies. This process increases the acceptance rate of claims, reduces the likelihood of denials, and speeds up payment, thereby improving the provider''s cash flow and overall revenue. By minimizing errors and the need for resubmissions, providers can maintain a steady revenue stream and reduce administrative costs associated with claim processing.",Claims review and EditThis ensures accuracy and completeness of claims therefore increasing claims acceptance rate by insurance companies. Errors or mismatch in treatment which may lead to cliams denial and payment delays will be identified and corrected before submission.,10,"Claims review and edit is specific, and the explanation of how it increases revenue by ensuring accuracy and completeness is accurate. The response is clearly written, flows logically. No source or citation was provided, please note the explicit instruction in the question."
student 16,10,"**Grade: 10/12**

**Explanation:** The answer correctly identifies claim submission as a function of HIS revenue cycle management that increases a provider''s revenue by ensuring accurate and timely submission of claims, which reduces the likelihood of denials or delays in payment. This explanation is clear and concise, aligning with the information provided in the retrieved documents about the importance of managing finances and revenue in healthcare settings [doc3]. However, the answer could be improved by mentioning how this process contributes to overall financial health and sustainability of the healthcare provider, which is a broader aspect of revenue cycle management.

**Correct Answer:** One function of HIS revenue cycle management, such as claim submission, increases a provider''s revenue by ensuring that claims are accurately and promptly submitted to insurance companies. This reduces the chances of claim denials or payment delays, thereby streamlining the billing process and improving cash flow. Efficient revenue cycle management also helps in identifying and addressing any issues in the billing process, contributing to the financial stability and sustainability of the healthcare provider [doc3].","One key function of HIS revenue cycle management, such as claim submission, increases a provider''s revenue by ensuring accurate and timely submission of claims to insurance companies, reducing the likelihood of denials or delays in payment. This process streamlines the billing workflow, allowing providers to receive payments more efficiently. I do not use external sources or GenAI  in this answers.",12,"Claim submission is a specific RCM function, and the explanation of how reducing denials and delays increases revenue is accurate. The response is clearly written, flows logically,. The declaration of not using external sources or GenAI fulfills the citation requirement."
student 17,10,"**Grade: 10/12**

**Explanation:** The answer correctly identifies ""tracking the claim status"" as a function of revenue cycle management (RCM) that can increase a provider''s revenue. It explains how this functionality helps organize and monitor the progress of claims, allowing for prompt action in case of delays or denials, which in turn improves cash flow and reduces lost revenue. However, the explanation could be more detailed in terms of how exactly these actions translate into increased revenue, such as by reducing the time to payment or minimizing denied claims through proactive management.

**Correct Answer:** One function of HIS revenue cycle management that increases a provider''s revenue is the ability to track claim status. By monitoring claims throughout the billing process, providers can quickly address any issues that arise, such as delays or denials, ensuring that claims are processed efficiently. This proactive approach helps maintain a steady cash flow, reduces the likelihood of lost revenue due to unaddressed claim issues, and provides the accounting team with better insights into collections and financial performance.","One functionality that RCM can provide is &quot;Tracking the claim status.&quot; It allows provider to organize and monitor the overall progress of the claim status, and instant action once delay or denial payment occur. This improves cash flow, reduces lost revenue, and gives the accounting team a clearer insight of overall collections.<br/>",10,"Tracking claim status is a specific RCM function, and the explanation of how instant action reduces loss and improves cash flow is accurate. The response is clearly written, logically structured. No source or citation was provided, please note the explicit instruction in the question."
student 18,6,"**Grade: 6/12**

**Explanation:**
The answer partially addresses the question by mentioning the use of data analytics and machine learning (ML) to predict and understand patterns in denied surgeries, which can help in identifying areas for improvement and potentially increase revenue. However, it lacks clarity and specificity in explaining how exactly this function directly increases revenue. The explanation could be more concise and focused on the direct impact of revenue cycle management on increasing revenue, such as improving billing accuracy, reducing claim denials, or optimizing reimbursement processes.

**Correct Answer:**
One function of HIS revenue cycle management that can increase a provider''s revenue is the optimization of billing processes. By ensuring accurate and timely submission of claims, the system reduces the likelihood of claim denials and delays, leading to faster reimbursements and improved cash flow. Additionally, it can help identify underpayments and ensure that all services provided are billed correctly, maximizing revenue potential .",One function of HIS revenue cycle management functionality ithat has the potential to increase a provider''s revenue would be a data analitics capability to be able to get the data collected and run it thru ML algorithms and try to predict things such as most frequent types of surgeries that gets denied and find out why,8,"The response describes a general capability (data analytics/ML) but fails to name a specific, defined RCM function, like for example, eligibility and benefits verification. No source or citation was provided, please note the explicit instruction in the question."
student 19,10,"**Grade: 10/12**

**Explanation:**
The answer correctly identifies how Real Time Eligibility (RTE) and Prior Authorization integrations can increase provider revenue by reducing the risk of refused claims and improving clinic throughput. It also accurately mentions the role of RTE in verifying copay requirements, which can enhance upfront payment collections. However, the explanation could be more concise and focused on the direct impact on revenue, such as emphasizing the reduction in denied claims and the efficiency in processing payments. Additionally, the answer could benefit from a citation to support the claims made.

**Correct Answer:**
Real Time Eligibility (RTE) and Prior Authorization integrations with commercial payors can increase a provider''s revenue by reducing the likelihood of denied claims and ensuring that services are covered before they are provided. This functionality helps in verifying patient insurance details and copay requirements upfront, which minimizes billing errors and accelerates payment processing. By streamlining these processes, providers can improve cash flow and reduce administrative costs associated with claim rejections.","Real Time Eligibility and Prior Authorization Integrations with commercial payors increases provider revenue by mitigating the risk of refused claims and reduced reimbursements. RTE and Prior Auth can also marginally increase clinic throughput by reducing wait and documentation time in clinic, thus increasing the number of patients primary and speciality care ambulatory care providers can see on a given day. RTE in particular can also increase up front payment collections by verifying appropriate copay requirements and allowing providers to acquire the appropriate copays allowed and required per each insurance plan.",10,"RTE and Prior Authorization are specific functions, and the detailed explanation of how they mitigate refusal risk and increase clinic throughput is highly accurate. No source or citation was provided, please note the explicit instruction in the question."
student 20,10,"**Grade: 10/12**

**Explanation:**
The answer correctly identifies pre-visit eligibility verification as a function of Revenue Cycle Management in a Health Information System (HIS) and explains how it increases a provider''s revenue by ensuring insurance coverage is confirmed before care is provided. This helps avoid delays in reimbursement and reduces denied claims, which are valid points. However, the explanation could be more concise and focused, and it lacks direct citations from the provided documents, which is necessary for full credit.

**Correct Answer:**
Pre-visit eligibility verification is a function of Revenue Cycle Management in a HIS that checks a patient’s insurance coverage before they receive care. This process increases a provider''s revenue by ensuring that the provider will be reimbursed for services rendered, reducing the likelihood of claim rejections and appeals. By confirming coverage in advance, providers can collect copays or deductibles at the point of service, improving cash flow and reducing waiting time for payment. This efficiency allows providers to focus on delivering timely care to patients.","Pre-visit eligibility verification is a<strong> </strong>Revenue Cycle Management function in a HIS that checks a patient’s insurance coverage before they come in for care. This is critical in increasing a provider''s revenue because it directly affects whether the provider will be reimbursed and how much they will receive.  By confirming coverage in advance, the provider avoids delays in reimbursement caused by claim rejections and appeals because they would have delt with it ahead of time and verified that the patient is eligible for care and that they will be paid for it.  <span style=font-size: 13.3333px;>This also reduces the number of denied claims which frees up time for provider allowing them to generate more income.  Again, knowing a patient’s copay or deductible ahead of time allows providers to collect payment at the point of service. This increases cash flow and reduces waiting time for payment.  All of these things allows for providers to be efficient and allow for patients to get care in a timely manner.</span>",10,"Pre-visit eligibility verification is specific, and the explanation of how pre-checks reduce denials and increase point-of-service collection is accurate. The response shows clear writing and good flow. No source or citation was provided, please note the explicit instruction in the question."
student 21,8,"**Grade: 8/12**

**Explanation:**
1. The answer correctly identifies that HIS revenue cycle management can help increase a provider''s revenue by verifying patients'' eligibility and benefits, which reduces the risk of claim denials. This is a valid point and demonstrates an understanding of how revenue cycle management functions .
2. The answer also mentions identifying low-risk, risking-risk, and high-risk population groups, which can help in formulating plans and facilities accordingly. However, the explanation is somewhat unclear and lacks specificity on how exactly this increases revenue. The connection between identifying risk groups and increasing revenue could be more explicitly stated.
3. The answer could be improved by focusing more on specific revenue cycle management functions, such as improving billing accuracy, reducing claim denials, and optimizing the claims process, which directly impact revenue.

**Correct Answer:**
HIS revenue cycle management increases a provider''s revenue by improving billing accuracy and reducing claim denials. By ensuring that patient information is accurate and up-to-date, the system helps in verifying insurance eligibility and benefits, which minimizes the risk of denied claims. Additionally, it streamlines the claims submission process, leading to faster reimbursements and improved cash flow for healthcare providers .","HIS revenue cycle helps in diverse ways to promote provider''s revenue. One method is by helping to identify patients''s eligibility and benefits verification,  thus reducing risk of claom denanials. Another way is by helping to identify low risk , risking risk and high risk population group within either the community or hospital patients population. This data helps providers to formulate plans and facilities accordingy. For example, increasing preventive care for risking risk group of population, attracting more low risk pupulation to join their system. Identifying the low risk population that are about to become risking risk population and implementing plans that promote healthy lifestyles.",8,"The response identifies one correct RCM function (eligibility verification) but then shifts to a separate concept (population health management). You should have stayed focused on eligibility verification - how it works and why it increases revenue. No source or citation was provided, please note the explicit instruction in the question."
student 22,11,"**Grade: 11/12**

**Explanation:** The answer correctly identifies billing and denial management as a function of HIS revenue cycle management that can increase a provider''s revenue. It accurately explains how this function ensures claims are billed accurately and payments are tracked, which helps in receiving payments efficiently. The mention of tracking errors in billing that may cause delays or denials is also correct. However, there is a minor spelling error in ""function"" which slightly detracts from the overall clarity.

**Correct Answer:** One function of the HIS revenue cycle management that can increase a provider''s revenue is billing and denial management. This function ensures that claims are billed accurately and payments are tracked and matched against the services provided. By managing denials and correcting billing errors, it speeds up the payment process, allowing providers to receive payments more efficiently, thereby increasing their revenue.","One functiion of the HIS revenue cycle that can increase a provider''s revenue is billing and denial managment. This function ensures that claims are billed accurately, and that payments are tracked from the payers and matched against the services that were provided. Denial managment tracks any errors in the billing that may cause delay/denial. This function speeds up the process of accurate billing and allows providers to receive payment efficiently, which overall would increase their revenue.",10,"Billing and denial management is specific, and the explanation of how it increases revenue by ensuring accuracy and tracking payments is accurate. No source or citation was provided, please note the explicit instruction in the question."
student 23,10,"**Grade: 10/12**

**Explanation:**
The answer correctly identifies that HIS revenue cycle management (RCM) functionality can increase a provider''s revenue by automating billing processes and implementing best practices. This can lead to improvements in claim accuracy and denial rates, which are valid points. However, the explanation could be more specific about how these improvements directly translate to increased revenue. Additionally, the mention of reducing administrative full-time equivalents (FTEs) and operational waste is relevant but could be expanded to explain how these factors contribute to revenue growth. The answer lacks citations from the provided documents, which is necessary for full credit.

**Correct Answer:**
HIS revenue cycle management functionality increases a provider''s revenue by streamlining the billing process, which enhances claim accuracy and reduces denial rates. This efficiency minimizes the need for manual intervention, thereby lowering administrative costs and improving cash flow. By reducing operational waste and optimizing billing practices, providers can maximize their revenue potential and improve financial performance .","HIS RCM increases a providers revenue by providing a (mostly, usually) automated framework for implementing established best practises for billing. Such best practises improve things such as claim accuracy, denial rates, and reduce the amount of required administrative FTE''s. With less operational waste there is more return to shareholders.",8,"The response identifies a general benefit (implementing best practices) but fails to name a specific RCM function as required. The response is clearly written, flows logically. No source or citation was provided, please note the explicit instruction in the question."
student 24,10,"**Grade: 10/12**

**Explanation:**
The answer correctly identifies a function of Health Information Systems (HIS) related to revenue cycle management, specifically coding and billing. It explains how translating SNOMED codes into appropriate CPT and/or ICD codes can ensure that claims are accurate and complete, which is essential for maximizing revenue. However, the explanation could be more detailed in describing how this process directly impacts revenue, such as by reducing claim denials or speeding up the reimbursement process. Additionally, there is a minor typographical error in ""conding"" which should be ""coding.""

**Correct Answer:**
A function of HIS revenue cycle management, such as coding and billing, increases a provider''s revenue by ensuring that all services provided are accurately translated into the correct CPT and ICD codes for claims submission. This accuracy reduces the likelihood of claim denials and ensures timely reimbursement, thereby optimizing the revenue cycle. Additionally, it helps in identifying and correcting any discrepancies before claims are submitted, which can prevent revenue loss.","A HIS function, such as conding and billing, can increase a provider''s revenue by translating SNOMED codes into the appropriate CTP and/or ICD codes for submitting a claim. This function helps ensure that  none of the services provided in a documented encounter are missing or incorrect in the claim.",10,"Coding and billing are specific RCM functions, and the explanation of how translating codes ensures completeness and accuracy is clear. The response is clearly written, flows logically. No source or citation was provided, please note the explicit instruction in the question."
student 25,12,"**Grade: 12/12**

**Explanation:** The answer correctly identifies ""verifying insurance eligibility"" as a function of Health Information System (HIS) revenue cycle management that increases a provider''s revenue. It accurately explains how this function reduces claim rejections and billing delays by verifying a patient''s coverage and benefits before services are provided. This leads to faster and more precise reimbursements, reducing revenue loss from underpaid claims and ensuring steady cash flow. The explanation is concise and aligns with the typical benefits of HIS revenue cycle management as described in the retrieved documents . 

**Correct Answer:** Verifying insurance eligibility is a function of Health Information System revenue cycle management that increases provider revenue. By quickly verifying a patient''s coverage and benefits before services are provided, the system reduces claim rejections and billing delays, resulting in faster and more precise reimbursements. This process minimizes revenue loss from underpaid claims and ensures a steady cash flow for the provider.","<strong>Verifying insurance eligibility</strong> is a function of Health Information System revenue cycle management, which increases provider revenue.The Health Information System lowers claim rejections and billing delays by quickly verifying a patient''s coverage and benefits before services are provided, resulting in faster and more precise reimbursements. This reduces revenue loss from underpaid claims and guarantees steady cash flow.",10,"Verifying insurance eligibility is specific and the explanation of how pre-service checks lead to faster, accurate payments is accurate. The response is clearly written, flows logically. No source or citation was provided, please note the explicit instruction in the question."
student 26,10,"**Grade: 10/12**

**Explanation:**
The answer correctly identifies claims management as a function of HIS revenue cycle management that can increase a provider''s revenue. It explains how accurate coding and timely submission of claims reduce denials and delays, which helps in faster and consistent payments. The answer also mentions the benefits of automating billing and tracking claim status, which minimizes revenue loss and improves cash flow. However, the citation provided is not from the retrieved documents, which is necessary for full credit. Additionally, the source cited (""Grok AI, 2025"") is not verifiable within the context provided.

**Correct Answer:**
One important HIS revenue cycle function is claims management, which ensures that all services provided are accurately coded and submitted to insurance payers on time. This reduces claim denials and delays, helping providers receive payments faster and more consistently. By automating billing and tracking claim status, the HIS minimizes revenue loss and improves overall cash flow .","One important HIS revenue cycle function is claims management, which ensures that all services provided are accurately coded and submitted to insurance payers on time. This reduces claim denials and delays, helping providers receive payments faster and more consistently. By automating billing and tracking claim status, the HIS minimizes revenue loss and improves overall cash flow. <strong><em>(Source: Grok AI, 2025)</em></strong>",10,"Claims management is correctly identified, and the link between reducing denials and improving cash flow is clearly explained. But more depth would have been helpfu. The response is clearly written, logically structured. The source is GenAI, but the citation includes (depending on the model) a potentially future date (2025), which is not fully verifiable and makes the reference suspect. Remember, all AI model have a knowledge cut-off date."
student 27,11,"**Grade: 11/12**

**Explanation:** The answer provided is mostly correct and well-articulated. It accurately describes how the claims submission and tracking function of HIS revenue cycle management can increase a provider''s revenue by reducing delays and denials, ensuring timely payments, and improving cash flow. However, the answer could be slightly improved by mentioning the role of automation in reducing administrative costs and errors, which also contributes to increased revenue.

**Correct Answer:** HIS revenue cycle management improves a provider''s revenue by automating claims submission and tracking, which reduces administrative costs and errors. This ensures that claims are submitted accurately and promptly, minimizing delays and denials. By monitoring claim status, providers can quickly address any issues, improving cash flow and financial performance.","HIS revenue cycle management includes claims submission and tracking as a key function. This technology reduces  delays and denials by making sure that the claims are sent to insurance companies on point and on time, which enables providers to get paid more quickly.Moreover, by monitoring claim status, employees can minimize wasted revenue by quickly resolving any issues or denials. This improves the overall cash flow and financial performance of the healthcare company.",10,"Claims submission and tracking are correctly identified, and the explanation of how they improve payment speed and reduce revenue loss is specific. The response is clear and the structure is logical. No source or citation was provided, please note the explicit instruction in the question."
student 28,10,"**Grade: 10/12**

**Explanation:** The answer correctly identifies claims audits as a function of HIS revenue cycle management that can increase a provider''s revenue. It explains how claims audits ensure accuracy and compliance, which helps prevent denied or delayed reimbursements, thus maximizing revenue. However, the answer could be improved by explicitly mentioning how this function fits into the broader context of revenue cycle management and providing a citation from the retrieved documents to support the claims.

**Correct Answer:** Claims audits, a function of HIS revenue cycle management, increase a provider''s revenue by ensuring that all claims submitted are accurate and comply with payer requirements. This process helps detect and correct billing errors, fraud, or insurance abuse, which can prevent denied or delayed reimbursements, ultimately maximizing revenue .","Claims audits are an important HIS function that can increase a provider’s revenue by ensuring that all submitted claims are accurate and compliant with payer requirements. They help detect billing errors, fraud, or insurance abuse, preventing denied or delayed reimbursements. By correcting errors and saving time wasted on correcting them, providers can maximize the revenue.<br/>GenAI declaration: I asked ChatGPT to assess my answer and rephrase it with more clarity.",12,"Claims audits are correctly identified, and the link between preventing errors and maximizing revenue is clearly explained. The declaration of using GenAI directly fulfills the citation requirement for this source."
student 29,10,"**Grade: 10/12**

**Explanation:**
The answer correctly identifies a key function of HIS revenue cycle management (RCM) in maintaining accurate patient billing records, which helps reduce errors and streamline the claims process. This explanation aligns with the general understanding of how RCM can improve cash flow and revenue by shortening the time between care delivery and payment. However, the answer lacks specific references to the retrieved documents, which could have strengthened the response by directly linking it to the provided context. Additionally, the citation provided is not from the retrieved documents, which is necessary for full credit.

**Correct Answer:**
One function of HIS revenue cycle management is to streamline the billing process by ensuring accurate and timely submission of claims. This reduces the likelihood of errors and denials, which can delay payments. By improving the efficiency of the billing process, providers can receive payments more quickly, thus enhancing cash flow and increasing overall revenue .","<span style=font-size: 12.0pt;font-family: &quot;times new roman&quot; , times , serif;>One function of HIS revenue cycle management is maintaining accurate patient billing records through RCM systems. By storing and managing this information, providers reduce errors and streamline the claims process. This shortens the time between delivering care and receiving payment, improving cash flow and overall revenue. Effective RCM ensures organizations can collect revenue efficiently from the services they provide (Awati &amp; DelVecchio, 2024). </span> \n<br> \n<p style=text-align: center;><strong><span style=font-size: 12.0pt;font-family: &quot;times new roman&quot; , times , serif;>Reference</span></strong></p> \n<div> \n <span style=font-size: 12.0pt;font-family: &quot;times new roman&quot; , times , serif;>Awati, R., &amp; DelVecchio, A. (2024, February 21). <em>revenue cycle management (RCM)</em>. Health IT and EHR. <a href=https://www.techtarget.com/searchhealthit/definition/revenue-cycle-management-RCM>https://www.techtarget.com/searchhealthit/definition/revenue-cycle-management-RCM</a></span> \n</div>",10,"You corectly identified that accurate patient billing records is important to RCM and provider revenue. But you could have gone into a bit more detail about how it accomplishes that. The citation to a specific, verifiable source from a reliable domain is complete, earning full points."
student 30,10,"**Grade: 10/12**

**Explanation:**
The answer correctly identifies key functions of Revenue Cycle Management (RCM) such as accurate documentation, prior authorization, and insurance eligibility checks, which are crucial for preventing claim denials and increasing revenue. However, the explanation could be more concise and focused on how these functions directly impact revenue. Additionally, the answer could benefit from a clearer connection between the functions and their impact on revenue, such as reducing administrative costs or improving cash flow.

**Correct Answer:**
Revenue Cycle Management (RCM) increases a provider''s revenue by ensuring accurate documentation and verifying insurance eligibility before patient visits. This reduces the likelihood of claim denials and minimizes delays in payment, thereby improving cash flow and reducing administrative costs associated with reprocessing claims.","Some of the functions of Revenue Cycle Management is accurate documentation, performing prior authorization and checking the insurance eligibility for the patient visit. When done correctly and effectively it can save unnecessary claim denials and increase revenue vs. if there are mistakes and eligibility is not checked or prior authorization wasn''t performed and documentation is not accurate that can lead to claim denials or unnecessary back and forth with insurance companies which can lead to lost time and revenue.<br/>
",10,"Accurate documentation, prior authorization, and eligibility checks are specific RCM functions, and the explanation of how they prevent denials is accurate. No source or citation was provided, please note the explicit instruction in the question."
student 31,10,"**Grade: 10/12**

**Explanation:**
The answer correctly identifies Clinical Documentation Improvement (CDI) and coding as functions of HIS revenue cycle management that can increase a provider''s revenue. It explains that CDI aims to improve the quality of clinical documentation to ensure accurate reporting of diagnoses and procedures, which is crucial for meeting revenue cycle goals. The answer also mentions the role of coding in assigning numeric or alphanumeric representations to clinical documentation, which is an essential part of the revenue cycle process. However, the explanation could be more concise and directly linked to how these functions specifically increase revenue, such as by reducing claim denials or ensuring maximum reimbursement.

**Correct Answer:**
Clinical Documentation Improvement (CDI) and coding are critical functions of HIS revenue cycle management that increase a provider''s revenue by ensuring accurate and complete documentation of patient diagnoses and procedures. This accuracy is essential for maximizing reimbursement from insurance companies and reducing claim denials, thereby improving the financial performance of healthcare providers.","<span style=font-family: ''times new roman'' , times , serif;font-size: 12.0pt;>Clinical Documentation Improvement and Coding:</span><br/><span style=font-family: ''times new roman'' , times , serif;font-size: 12.0pt;>Clinical documentation improvement is the function of improving the quality of clinical documentation. </span><br/><span style=font-family: ''times new roman'' , times , serif;font-size: 12.0pt;>One particular aim of Clinical Documentation Improvement is to ensure the complete and accurate reporting of diagnoses and procedures, especially to meet revenue cycle goals.</span><br/><span style=font-family: ''times new roman'' , times , serif;font-size: 12.0pt;>The “back-end” revenue cycle processes start with coding, and sometimes CDI when performed only retrospectively. Coding is “the process of assigning numeric or alphanumeric representations to clinical documentation. </span>",8,The description of Clinical Documentation Improvement (CDI) is accurate and complete. The explanation directly connects CDI to improved revenue through complete and accurate reporting. No sources or citation style were provided for the answer.
,,,,,
,,,,,
Mean,10.00,10.10,,,
Median,10.00,10.00,,,
Mode,10,10,,,
Variance,1.00,2.16,,,
Mean Less Top 4,10.00,10.10,,,
Variance Less Top 4,1.00,2.16,,,